{"cameraMode":{"drawMode":0,"name":"Shaded","section":"Shading Mode"},"sceneLighting":true,"audioPlay":false,"sceneViewState":{"showFog":true,"showMaterialUpdate":false,"showSkybox":true,"showFlares":true,"showImageEffects":true,"showParticleSystems":true},"in2DMode":false,"pivot":{"x":1.7747514247894288,"y":0.3473215103149414,"z":2.251866340637207},"rotation":{"x":-0.2488396316766739,"y":0.12941262125968934,"z":-0.03357035666704178,"w":-0.959275484085083},"size":13.318737030029297,"orthographic":false}